,id,tweet,label
15795,47758,brain showroom signboard new look comingsoon kitchen,1
860,32823,ripantonyelchin die car accid cant believ likecrazi,0
5390,37353,wholesom posit affirm,0
11964,43927,repres hawaii ir symposium ir,0
11284,43247,happen reced airlin weight bow happi your deadris frankisback,0
6265,38228,nbcnightlynew he campaign manag unbias news,1
16850,48813,work flow fine day day conquer,0
4426,36389,record break year na season cant wait season ð,0
14423,46386,lighttherapi help sad depress altwaystoh healthi,0
11363,43326,father day dad reason love u dad,0
16023,47986,perfect design natur fuchsin lovetol natur,0
8322,40285,final neuro stay today,0
1685,33648,love dayof¸ofµó¾§ â¤ â look miracl,0
769,32732,â portug consum price index mon dip previou â blow silver gold fore,0
2433,34396,thank love thank posit,0
5311,37274,think motiv kiss follow dream success,0
5051,37014,ralli washington secur graft protest breast protocol,1
6420,38383,ff gamedev indiedev indiegamedev squad,0
6396,38359,writer block regard repli text,1
8666,40629,timelin boston seat locat open saw insid day frame,0
2747,34710,launch new webster hour,0
189,32152,happi instagram instagood instagram instapasspo instadailyâ¦,0
3005,34968,electoralcolleg elect presid tramp notmypresid newswith,1
1899,33862,like run ocean cloth ð beachfuninthesun,1
1267,33230,run afternoon diet fight total minu seven,1
11394,43357,friday bee happi ðâï¸ð friday bee king hill villag,0
3556,35519,thank goos thank posit,0
3890,35853,paul forcibl ask punjabi admit drugaddict,0
8838,40801,utah beauti â¤ï¸ befal hide utah getoutdoor optoutsid,0
14502,46465,research vote record left issu recent not favor,1
10627,42590,check funk pop final fairytal flock eye exclus hand,1
8792,40755,sens chronicl notebook celebr film festival¦,0
10555,42518,rude monster stimul want climb vast expans mountain reach leakag cock want,0
10253,42216,day work im ðð glastonburi,0
8433,40396,realli look pictur understand ð» givemelov famili friend peac,0
10233,42196,final way delet old sweet use deletetweet,0
11016,42979,en susan,0
2612,34575,plasticsurgery¤ð»ð¼,0
15787,47750,terribl,0
17159,49122,book set edit th,0
12206,44169,go nightclub began excit not terrifi im donna shot terrorist thatstheworldwelivein,0
8226,40189,sure fool differ american dont care mayb hell love n,1
14541,46504,,0
3152,35115,card came readi degre du contour dmucontour,0
1585,33548,hope class like speech ðnervou cassock onceabearcatalwaysabearcat,1
3943,35906,holidayprep haircutâ ð¶â âï¸stuff â packing ð§â sun cream ð·â passion readi tomorrow postal vote â,0
1021,32984,detoxdiet altwaystoh healthi,0
11653,43616,morn sofa u come llma promot lit soon comehom sofiacarson,0
10805,42768,sajjadirfan mother care children children cant care mother,0
13417,45380,make day dont know want talk,0
7989,39952,wait person terrorist watch list buy guns«ð« felon cant jobâ whiteamerica petti truth heto,1
9692,41655,make angri that not democraci ourrevolut ourdisappoint,0
12990,44953,amo sex fuck,1
6873,38836,helsinki finnair skywheelð¢ finnairskywheel helsinki finland fun katajanokkaâ¦,0
5675,37638,www yeah good long long,0
161,32124,phil spenc critic sonya cours got slap face sonya huge million dick,0
4297,36260,food heal bodi plant healthi,0
995,32958,newstar bull domin bull direct want,0
11534,43497,electrifi posit affirm,0
7629,39592,hate rhetor stop fight extremist extrem view counterproduct tramp neverump,1
1016,32979,buildabear happi lucki frog lucki happi,0
8529,40492,hey like atlanta event victori tour cancel runnikewomen,0
9268,41231,new releas slime school kiss fun cut action fundrais game gaze market indiedev,0
12185,44148,like viru heabreak imag big defect zikaviru like road epidem,0
6331,38294,pretti posit affirm,0
8571,40534,final way angl bestboyfriend camp waterproofsneed,0
7208,39171,swim time ððð» vscocam vscophil restday swim ridgewood towers¦,0
5276,37239,wednesday flower ððof¸ððâð»ï¸ photo amp edit humpday amandapletchmodelâ¦,0
16448,48411,mess morn hair snapchat blackandwhit smile blond messyhair,0
16216,48179,ugggggg home friday night wick cold pretti sure im donna die sick die payanim,0
8006,39969,readi wait,0
2568,34531,grm session time kiss crack fait tea dadandkidstim kiss,1
2027,33990,far fall jack del rio,0
2695,34658,pool self day swim summer awesom thanksdad,0
15422,47385,hardwar rate cousin worn tube,0
5258,37221,mood day elliewhit mood outfittoftheday longer caleb celebstyl â¦,0
6736,38699,school stay monday âof¸ colleg,0
391,32354,no idea stupid comment make invit respons death not sideshow,1
13986,45949,australian politician say hoax prayer australian parliament u dont let loonaci bother¦,1
12666,44629,come sun pari canon model girl fashion linger pari me¦,0
5892,37855,taylorswift bull domin bull direct want w,0
3561,35524,submit background check consent form complet applic guid dog,0
6184,38147,hatefrom say dont want hatr embarrassingbehavior ironi,1
8392,40355,soiler god damn prison break got like berwick die boy catch prisonbreak,0
13067,45030,stay tonight excit week mayb uncl bit ðð cant wait,0
15265,47228,summer arriv excit pay impati danc till dawn share,0
2454,34417,way london premier kazoop,0
11837,43800,org priyankachopra admit face hollywood read insid know detail bollywood gossip¦,1
14039,46002,stop triumph narciss misogyni congresspleas,1
10965,42928,huntington post,0
9762,41725,young mixedrac woman walk fro beauti danieldash enjoy,0
5056,37019,grew topic promptli told shut fuck time decid passion,0
14948,46911,old feel old bihdaygirl godlik,0
8110,40073,defeat ð day intens documentari fun sheffdocfest thank ð,0
13773,45736,weather look good holiday ðâï¸ sunshin,0
502,32465,father day amaz daddi amaz fiancecopyrightload love mark nd morgan xxxxxxx,0
6910,38873,thank u sunday huge,0
12685,44648,friend invit new appar appar price higher monthli salari truth,1
206,32169,london ððð self smile love photooftheday picoftheday london londonlif,0
15934,47897,librari librari saw liber polit,1
8755,40718,got ticket decemb ð¶ð livemus rock,0
12383,44346,final today ð mythumbsupisweird,0
14820,46783,fantast chat today teachealk tuesday bettchat wonder host detect,0
7574,39537,lot work need,0
6374,38337,tonight couch chines food adult beverag new season orang new black,0
1678,33641,list shop threadless open check design,0
1059,33022,ðwhen u want n man like u fuck love u babi ð love,0
16198,48161,smell blowout cap come floppi inspir nbafin,0
9914,41877,midday th went camp ð midday self recent smile day to¦,0
10817,42780,sum day tonight feast list midday ð¤starv chineseð ðno wine total ladyðª,0
10921,42884,creat happi home space grace beauti,0
9789,41752,life sweet music play unknown weekend ð,0
16312,48275,today make funni stori later said your love old man like,0
11252,43215,cant wait tonight rd time year came,0
2693,34656,peopl color way say color dentist democrat stop racism red¦,1
13931,45894,pass park peter monitor camera receiv ticket mall w no warn polit,0
3627,35590,midday digit banner digit banner thegraphicmonst,0
16157,48120,model love u u time or± ðððð ð¦ð¦ð¦,0
10173,42136,pa durat stock london eyewear,0
10230,42193,ty share big ball cloth thursday plead follow âª grow follow ð,0
15707,47670,love sketch want color afoliopoleon,0
11494,43457,travel happi famili holiday car sunday sunni sunday glass enjoy¦,0
1306,33269,peopl like ð¢ make,0
6776,38739,got ticket kiss super show horribl histori amp charli amp chocol factory¦,1
9474,41437,great morn yep get way oitnbseason netflix ha work,0
7526,39489,here bodi pick cut im sad bootymakeseverythingbett,1
5530,37493,sure remind woke today appreci chang day,0
3748,35711,dark nighttim darknight instanight instalikesâ¦,0
13545,45508,no updat what go baltimor concern vigil n baltimor baltimorec,0
663,32626,sex video sex ladi tuck hard pick,1
1998,33961,eric clayton struggl play guitar nervou damag,1
7994,39957,good night goodmorn rio cariou brazil love day sun fall autumn sky beach¦,0
3304,35267,loftiest say homophob christian soldier say slam isnt homophob regardless,1
13808,45771,stencil stand new piec dark stencil urban ahouseopenweekend workinprogress,0
6585,38548,demand treat mailbox car wash pay station amp ticket dissent,1
11649,43612,final cant wait love bride ð°ð»ðð wed bride friend fun pay xxxxxxxxxx,0
1636,33599,save no loin x broker chang mete love educ univers,0
17082,49045,relax day ð ð ð´ summertim summer sun beach sea holiday smile beautiful¦,0
4737,36700,tragedi hit commun yeah upset chang profil pick probabl forget later month,0
14555,46518,watch udtapunjab know realiti bhagwantmann ghuggi tell,1
13877,45840,smaphon bull domin bull direct want,0
854,32817,thank kiss thank posit,0
5855,37818,betatest tonight pp instal readi launch australia soon gamedev,0
7392,39355,anim dog smile blink,0
13949,45912,bless dayð¯,0
5791,37754,bore updat happi midday maknaeððð midday dam midday letshaveapay â¤ï¸,0
4931,36894,model love u u time or± ðððð ð¦ð¦ð¦,0
202,32165,childrenoftheworld bull domin bull direct want,0
11447,43410,offici auntieof¸âof¸ ð­ð­ð­ððð pay luxuri network entrepreneur boss success¦,1
12688,44651,announc christianpaulwatch final launch hudsonsbay ð featuringâ¦,0
4389,36352,get idea mean lose like leftist want away freedom,0
2327,34290,purchas buy prescript tiger instadaili,0
8004,39967,stori pray orlando amp rest world not gay commun,0
7777,39740,morn way pari sing song parissing â­ï¸ð¤ð,0
197,32160,self srelfi smile self follow ff polishgirl polskadziewczyna,0
1930,33893,fathersday love papa japan,0
11774,43737,dog kind way say âdont worri â dogsarejoy,0
15087,47050,âbe help beingâ rum peac love life happiness¦,0
9339,41302,let hope dont hear anymor talk left folk bathroom threat public safeti asham of¦,0
11589,43552,yall realli night ðð,0
15708,47671,music radio brighten day moment peac bliss forev wish stay â¥ thank,0
17043,49006,calm wear pretti jewel chickraft love sunshin glitter love colorston ring forev,0
2811,34774,save live protein shake time humpday self fit health entrepreneur excit snapchat,0
14243,46206,thatmomentwhen aint tell bitch cheat onceacheateralwaysacheat youll learn sad,1
6546,38509,arm bar co hanov amp feel comfort way home ð freedom nippl weeyyyyy,0
1986,33949,talent woman reverend prayer,0
8338,40301,look sex ð,0
11411,43374,youv prove star treatment sure not lesion amp raymond suspend showingtruecolor,0
2911,34874,vote against fish commun favour proauster polit union high youth unemploy,1
1734,33697,world live getwoketothi orlando,0
8680,40643,todaycoordinate¤ï¸ today coordin adult not casual solo happi bubbles¦,0
5759,37722,ðð press girl ð­,0
2385,34348,free suffer glasgow love kind scotland,0
11111,43074,nationalchildrensday love note redhead rock blessedsunday,0
4736,36699,play bier game democrat stand against gun violenc liar,1
1802,33765,love amp romant amp nice poetri hail k like tri went stop den follow grew ye id keen follow,0
8155,40118,cloudyðð¨ðð­ new self keepitcloudi vapefam vapingsavedmylif tuesday¦,0
8120,40083,stand acut chiropract kid stand get midst¦,1
6616,38579,order koko k today cant wait happy¤ koko kyliejenn love,0
14257,46220,child drag water allig near dinner rest,0
14486,46449,thought prayer famili friend stay strong ð¼ripchristinagrimmi ripchristina,0
16646,48609,hampit centr dont let rain today rain chiropract health,0
14075,46038,flcrashcorrector kscrashcorrector kscrashcorrector lopezchiro fatherday lope famili â¦,0
9208,41171,guess came post today immedi watch,0
16371,48334,,0
11835,43798,lumin posit affirm,0
13168,45131,good day sta morn ðð happi friday live laugh love smile morning¦,0
2049,34012,good morn hope happi extrem masochist come session,0
5423,37386,famili friendli list countri rock bluegrass funni comedi romanc,0
14589,46552,definit not forzaferrari,1
7158,39121,your get marri think¦ busi get,0
10248,42211,got mummi dont hole today bosadonut donuthol yummmm,0
7400,39363,make break,0
9874,41837,good vice âðð tibia friend picoftheday tibia esvedraibiza goodvib love sunset â¦,0
15151,47114,she not fuck bye,1
1154,33117,â stanford studi prove elect fraud exit poll discrep blow silver gold fore,0
4499,36462,look forward watch game meet meltdown twitter renew,0
6295,38258,death handl late,0
12183,44146,penultim week placement stay tomorrow cant believ fast gone week leav,0
12874,44837,bought book book need st doesnt matter ð,0
5539,37502,leicest polic offic sack fill use languag england,1
9637,41600,payday bull domin bull direct want,0
15586,47549,realli hate video game admit im fed,1
2557,34520,tri kill not freeli chose kill amp kill defi famili religion,0
5592,37555,hoe,0
16482,48445,broken buffalo stimul buffalo vicin home way,0
2200,34163,realiti teach industri regularass peopl teach discrimin,1
14172,46135,threaten file left room,0
2961,34924,think need lifetwo lampposta man tri make live feed famili,0
14207,46170,happi saturday â¤ï¸ðâ¤ divin tri ï¸ chromic divin tri goddess saturday¦,0
11969,43932,oh lie hous spout broad work nice a¦,0
2869,34832,time sleep like run tomorrow,0
13992,45955,check mi run strata healthi love,0
5699,37662,chocol workplac make make happi offic,0
3987,35950,oooh fall go awesom rise iron,0
13446,45409,absolut crave wagamama closest edinburgh ð«,1
1218,33181,famili king feel like new sign hard worker amp danni,0
4735,36698,thank hope thank posit,0
11296,43259,good morn â¢ ð¿ self love shower madrid tattoo,0
4555,36518,drinksð¸ð» bestsist drunk shot smile likewis offici shill,0
9146,41109,uefaeuro stamp help discov local â tourism discov origin meet,0
8050,40013,time era tri pretend care left peopl,0
12757,44720,face margarita girlsnight bless ladiesnightâ¦,0
6893,38856,today poor westvirginia stand exampl power year pass right¦,1
14373,46336,pillow im good feel catsoftwitt cat,0
14565,46528,th monthsari alien main,1
3436,35399,die brow ðððð,0
8754,40717,moment th coupl ion saltgrillrestaurantâ¦,0
10677,42640,politician not worri peopl safeti busi cover,1
5895,37858,cantwaittoseeit love beauti beast great,0
16609,48572,kiss caper best holiday need best campervan yorkshir,1
15636,47599,report disabl mock perfectli honest,0
7022,38985,pregnanc mean go cup healthi c ð,0
9151,41114,father day wonder guy proud dad fathersday,0
5600,37563,wish happi armada futur ahead armada career armada festiv armada,0
7996,39959,jumper stick came mail today,0
9007,40970,favorit wagon tramp race hate,1
12946,44909,happi work confer right midst lead cultureofdevelop organ work midst,0
4642,36605,new brochur arriv excit work solut,0
11312,43275,blew neo smile shihtzu dog dogsofinstagram tiger follow instagoodâ¦,0
7679,39642,believ no drug punjab,0
8208,40171,orchard earli morn make smile âof¤ excit orchidsofinstagramâ¦,0
10716,42679,oasi park¤bi canvasââofâµ ððofðofðð¶ðof ððð¨ð»ðcopyrightð»ð¶ðofð â ðofofofofofof¼ â japan gift dayoff chill â¦,0
3444,35407,look see peopl middl school vs,0
10757,42720,imag music singer,0
14434,46397,polic approxim kill florida club shoot scarystori utf,0
1060,33023,bern knew rule go no sour grape vote ds ticket disdain quit obviou,0
3420,35383,night paparazzi shot ð· filter karaok friend tagsforlik instacoolâ¦,0
301,32264,black live matter today day,0
12468,44431,im grate affirm,0
16990,48953,side there word anim stopviol ðð»ð¨ð,0
699,32662,ala life isn easi press comput key,0
190,32153,splash ð¦ðdog bestdogev swim healthi goodvib fitness¦,0
10492,42455,â¦ hispan amp feel like stop listen boricuaâ¦,1
2975,34938,thing sore said drama doesnt hell heard ear,1
6102,38065,electron music bogota colombia puntohost ed tibia fashion envi music live,0
1816,33779,flat mate ð¯ðofð perfect befriend final togetherforev,0
569,32532,good way protect account activ bad doesn work germani fix â¦,0
5442,37405,femalefootballfan wear jersey dont understand domesticviol heard woman say he grm¦,1
1895,33858,orold woman beaten amp set black gang cri,0
3863,35826,let hope dont hear anymor talk left folk bathroom threat public safeti asham countri,0
12913,44876,th place ispwp spring kiss kiss kiss fun weddingpay ispwpâ¦,0
7455,39418,guitar solo ðð¶ðð sosecondsofsummerlovemusiconcetumbl like followedamazing¦,0
4014,35977,make happi youll make joke knockknockgregjok,0
11093,43056,wast time,0
3009,34972,dad deserv best la parrilla father day,0
16538,48501,mala lunch church father day,0
10729,42692,ff game squad,0
1409,33372,england didnt win fight,0
12249,44212,life friendship worri,0
784,32747,lincoln amp avanleigh spend fathersday beach grammar littl beachbum grandkid famili,0
8096,40059,readi ðð¾ papa paparazzim special day dover,0
7560,39523,tonight boy arizona hashtag aesthet,0
12533,44496,rossruggedmaxxx love instagood tut photooftheday cut beauti folly¦,0
7343,39306,watson wednesdayyal,0
7206,39169,wo ke term dekhna devakshi good krpkab kuchrangpyarkeaisebhi,1
5801,37764,agre dr j daili occurr love famili x,0
16921,48884,error pa agre except perform thrown inconsequent¦,1
5986,37949,fitnessaddict attack bull chase leav lot despit fact your strong sourc,0
10647,42610,cap,0
8716,40679,safe posit affirm,0
12323,44286,love healthi brain healthi,0
4780,36743,thank challeng thank posit,0
2368,34331,model love u u time or± ðððð ð¦ð¦ð¦,0
12039,44002,go find dri new friend tomorrow ð¬ newfriendal head shesmellsgood dinner killmefam,0
6655,38618,report btune repostapp ã»ã»ã» true workboundtil ereimaj design,0
8173,40136,make dad happier tast meal fathersday,0
4495,36458,pier wish father day,0
10893,42856,person okay way yall tri like ðð,0
13403,45366,spent hour watch make tutori,0
13121,45084,highpoint monster stimul want climb vast expans mountain reach leakag cock,0
10966,42929,angri squeak frog video frog natur anim cut ador,0
853,32816,brilliant posit affirm,0
16958,48921,effoless posit affirm,0
9907,41870,cousin sunday famili lazyday outandabout,0
4777,36740,year hous go trip thursday learn,1
15338,47301,shameonebaythugebay shed leav indiafrustr,0
2491,34454,live paradis ððof´ðof dontbejeal paradis parad distant mainiqueâ¦,0
15328,47291,choos happi today,0
14599,46562,neat love idea live paint,0
3051,35014,russian footbal score cri bit eye crocodiletear,0
15979,47942,daili beauti tip health tip rude poetri poetri lovepoetri new ghazal amp joke like follow send,0
16388,48351,great profil pick,0
876,32839,thank pack anybodi need design amp print recommend,0
4142,36105,oh michael bare trumpet player jay longacr mile classic tug rip amp damnlifeishard wemissyoumichaelbaz,0
15202,47165,save thousand free search x loin x broker actor seeklearn afresh,0
6966,38929,mindsconsol make mistak that life make mistak that stupid motiv,0
7079,39042,ev arc youll lot answer laura,0
7987,39950,â¤ï¸corp ðregisteredðâ¤ï¸ð¯ finger turn softð¿ love god summer teacher,0
6799,38762,blossom backpack sideplu style fashion photooftheday swag love onlypositivethink,0
4465,36428,cycl recogn bandit took fork bike amp bike station tool help pu,1
17019,48982,understand peopl colleg come hang pp high school ðð,0
8311,40274,www yeah good long long,0
14098,46061,â oil edg lower settl bal blow silver gold fore,0
5177,37140,ð¢still maker left reject ðððmatrena aunt retir bar slap dirctrsðpanauti pornstarð,0
14262,46225,kiss print toller,0
8308,40271,trumpet insist support eventu nomine theyr will elect hisliari stop hypocrit,1
5949,37912,race day tomorrow go relax enjoy realli live moment b gone,0
1150,33113,live jenningswir,0
1931,33894,weve check stand go day,0
9204,41167,healthi posit affirm,0
1081,33044,stretch loos lot fun ilovedraw anim make ð,0
16896,48859,friday parisianbreakfast today fear freshli breed doubl express amp our¦,0
13407,45370,doctor appoint husband went great morn got realli good news ðððof reliev,0
7805,39768,today im mad secur peopl main entranc secur check rude push,0
5237,37200,iamintheski sachinsahnireview chashmishreview â¦,0
16943,48906,panama amp sprang ðcopyrightââ¤ï¸âðcopyright thank youð¼ loveð« famili love,0
12775,44738,happi place book amp food amp mayb puppi person want,0
16244,48207,offic week busi trip novosani no wijnegem,0
13184,45147,fox news strike make voter happi ignor avoid offens cap,0
3343,35306,journey aim goal shot life plan execut love instagoodâ¦,0
13500,45463,amaz moment refresh went mountain cultureclash summeronsunset,0
9662,41625,here scienc angri havent eaten hungri,0
16964,48927,music therapi tool heal altwaystoh healthi,0
15125,47088,happi work confer right midst lead cultureofdevelop organ work midst,0
8130,40093,hard twitter f realli dont want know u sorri,0
1679,33642,pleeeeas tell time abl cross ournewbridg to¦,0
3506,35469,newstar bull domin bull direct want,0
13284,45247,mourn death dear sweet sister villað­ live heaven nowðof¼ lone whynotm,0
7253,39216,pink favorit color terrif tuesday friend joyfacewash herewego lovinlif,0
9435,41398,im not sad im not im hungri,0
11310,43273,â¡get igersmerida meridavenezuela today bore,0
13296,45259,chan vice ð» ireadeverywher sunday brennanlibrari,0
13245,45208,ahit final friday plan weekend relax enjoy gamersunit chill gaze,0
11151,43114,spend time park angel love work home,0
10457,42420,runner gorilla simul need adapt environ need tear citi materi,0
2479,34442,stand pub vesna vesna vespafan vespaexperi,0
4452,36415,said easi ð end love,0
5881,37844,explain daughter age ampword sure fail husbandtheir dad,1
14069,46032,patti legend âbig steve die rip patti,0
2849,34812,realiz guesswho,1
7390,39353,model love u u time or± ðððð ð¦ð¦ð¦,0
11922,43885,state affair ðð,0
2489,34452,fabul posit affirm,0
9823,41786,shock sorrow come nomin proud,0
9207,41170,time yesaward winner announc,0
9540,41503,comment reflect ignor,1
16364,48327,disgust bytrump american citizen attack orlando disgust,0
4611,36574,midday lunch blakeyboy famili friend fun ð pancak parlour canberra,0
5878,37841,god work thing dont feel ithav faith amp thank â¤ï¸ fillinyourloveâ¤ï¸,0
16347,48310,self love necklac â¤ self smile love necklac day instahappyâ¦,0
851,32814,that cool feel good univers agre felt colleg,1
6833,38796,realhousew star alleg neighbor pay permit road¦,1
11938,43901,free uncl father day ðð,0
2427,34390,bit work ye game¨ð¨ð¨ anna ðððð¯ðof» cantwait gymlif ð,0
4000,35963,hail playlist churchcloth goodnight fathersday human,0
5052,37015,dont care rum redbul tune stuck head regim friday,0
2738,34701,great loss respect bad grant like madman,0
5387,37350,dont anna live countri anymor ð­ð«,0
8002,39965,hey improbableluc want check latest updat ynotfestiv ð¥,0
5536,37499,incom tom kekinian plu ice cream youghuðð§ð girl note shirayuki vessel¦,0
13479,45442,friday super groov miracul day miracl ðâð»ï¸â¤ï¸,0
3913,35876,no liquoric man wobbl one bag contentsmayvari notvari noknobbl bassett,1
10636,42599,good shake thing tackl gain morn ami work perfect,0
5726,37689,angri cassett draw canon sketch doubl list illustr angri smoke funni,0
3373,35336,white person said old b ititle daniel shini oscarssowhit controversi stop complain,1
12161,44124,guilti happi media brother blogherlif happi quot happi,0
2082,34045,black girl beauti dont gap look amp night defin yall way ð,0
16281,48244,wait wildest chest takuyakimura highfashion brand cosmeticsbrand worldcampaign ad ampâ¦,1
15305,47268,coupl sex lesion sex movi clip girl wm,0
9817,41780,thank paper thank posit,0
11261,43224,sure clot ignor peopl ff coupl day,0
417,32380,hope uncl muster sound like jerk trumpsamerica,0
8808,40771,dailyaffirm let univers hear dream im magic unfold,0
3267,35230,futil attempt gap shop cool home fun,0
5745,37708,time,0
11338,43301,sens sarcasm dawn yuhunderstand sipswat weknowwhatwedo hello allyuhchirrensad,0
412,32375,thank love thank posit,0
7543,39506,techjunkiejhatright site plan face black person twitter campaign socialmedia â¦,1
7587,39550,im happi unreason withoutreason gettingthereâ¦,0
728,32691,atright promot new kind genet mt,1
11657,43620,truli sadden lost experienc deadliest shoot histori weekend,0
5988,37951,join amaz journey human travel love follow fun smile people¦,0
2967,34930,board meet today line pastor demonet poor transgend kiss not let¦,0
14527,46490,happi father day day fathersday sundayfunday beachlif father day,0
16048,48011,super good look realli,0
5073,37036,laugh time minut exercis stationari bicycl healthi,0
5104,37067,father day papa love,0
2143,34106,father day,0
7357,39320,tramp wall goal,1
12043,44006,care free stress free happi ð¼carefre stressfre bernesemountaindog berne¦,0
3440,35403,design,0
5644,37607,sydney home media coverag tasmanian dairi farmer suffer loss diari herd floodsâ¦,0
10518,42481,song day new big smile,0
14552,46515,depress kill injur worst mass shoot state orlandohorror,0
2914,34877,rose year coupl week collect kill gland make,0
13584,45547,encourag kiss confid new experi read,1
12144,44107,happi father day ð famili smile kid lip max restaur lip,0
14397,46360,cant believ davidbowi gone month later princ know happen princ,0
8787,40750,twitter censur impress hope proud white man notwork,1
14191,46154,love island host carolin black sing happi midday queen kind love island host,0
698,32661,p e n today pm of longweekend £,0
7186,39149,dumbass weak notwin notic,0
14512,46475,true feelinggood livehappi dress flower lovemyhairâ¦,0
13923,45886,today perfect day happi lifecoach reinventimposs,0
16779,48742,happi father day fathersday dad,0
4171,36134,fathersday day hope great weekend,0
4360,36323,model love u u time or± ðððð ð¦ð¦ð¦,0
2502,34465,wish happiest ramadhan fast ð pick â,0
17101,49064,happi father day dandi fathersday father dad daddi,0
5486,37449,stud peac age,1
8335,40298,wash towel today argggg girl love blowjob massag rude end,0
4491,36454,read famili travel instagood love follow tut peopl business¦,0
11130,43093,thank share experi palm restaur experi thepalm kolkata,1
7651,39614,realli wish life,0
1167,33130,incred hot girl fun babe live,0
1062,33025,remain book editor yep happen thank,0
11174,43137,man great pp corner cant lie,1
4729,36692,saxon month pictur ð son monthsold love xxx,0
9348,41311,make,0
5334,37297,bipolar stigmat attach not help add lack knowledg,0
8924,40887,lack discuss photophobia wake tragedi show societi lack deal queer issu,1
4330,36293,thank make midday week amaz your realli special itsmybihday darynmakesthemagichappen,0
6801,38764,watch thespaiclemysteri netflix turn seasonsmay coutur,0
4846,36809,feel talk lumbar rain wake wen firstmumbairain miss,0
6731,38694,industri say grin swift biggest wine brand gallop purchas iworkher,1
15368,47331,took forev ticket final arriv edclv lo angel california,0
2539,34502,worst mass shoot american histori,1
7056,39019,im excit mampg frank â¤ï¸ðcopyrightðª timeofmylif cantwait,0
11516,43479,love soooooo ðððððððð littledog foggi dog puppi puppylov animal¦,0
11493,43456,cant wait tonight episode perform,0
1542,33505,go fabul event cannot wait chocol canal,0
13964,45927,sandbag leather crystal shopstoregypsytrialtrend ohowoman summer beauti beach,0
6313,38276,enter contest win contest prize prizedraw,1
13807,45770,midaugust tonight le get cant wait,0
9580,41543,let celebr spirit fatherhood father day,0
8691,40654,retir nina turner add point frankli turn channel listen her¦,1
7494,39457,video scienc mind centerforhealthymind drricharddavidson sin,0
4312,36275,happi not perfect ðð» love bend indonesia,0
1324,33287,time right wrong time sta fill knowledg procedur gap selfteach experi creat,0
3141,35104,thank hide trail thank posit,0
1810,33773,introveâ guid vacat trot travelov neverstop journey travel,0
6588,38551,donna interest come epi ðð kuchrangpyarkeaisebhi,0
5301,37264,thank food thank posit,0
15485,47448,beauti colour express girlsgener teacherlif â¦,0
11714,43677,guess im tonight oitnb netflix piperchapman sutton cornfield,0
4748,36711,food heal bodi plant healthi,0
3709,35672,not bad place lunch tooblessedtobestress thank life myhappyplaceâ¦,0
13116,45079,black amp feel like stop listen camp mimi¦,1
9576,41539,best brow,0
10150,42113,want peopl use data collect health facil,0
6530,38493,havent read stori sweet,0
10188,42151,good morning»ð gotedlovegoodfeel ð,1
14683,46646,im sick peopl said bad stori tri fix mistak upset ð¤ð¤ð¤,0
504,32467,bestsel motiv bed dream wake hope,0
1214,33177,stay tune saint issu printer comic makecom,0
1531,33494,th time statement gun incid no changessham u dont need prayer u need action,1
823,32786,gorilla simul need adapt environ need tear citi materi,0
5029,36992,love pack holiday minut ðð holiday fun packingourstuff beach â¦,0
13428,45391,nice perform king mesutãoil ðððððâofðð ð fast armada career ðâ­ new seren land pick â,0
16517,48480,watch weddingplan peopl not,0
2105,34068,obamaâ âchristian outreach director call evangel misogynist islamophob,1
12972,44935,best lawofattract resourc heal altwaystoh healthi idea,0
1852,33815,zeenat rapid burnt slope buri love,0
4910,36873,not great thing time motiv,0
11003,42966,final come disneyland tomorrow ððð ð,0
13843,45806,im donna follow bloodi degre ð,0
11704,43667,later day wish happi midday celebr today june midday let,0
15761,47724,hair chop holiday haircut restor holiday newlook instahairâ¦,0
6190,38153,org realli interest thrill concept hit write chapter away firstnovel complet,1
5645,37608,mimi howard love new manag movi tomorrow night tone use firstmovieð¬,0
9588,41551,uturama endingjust like life feel road life deep poetri,0
11829,43792,child play weddingday weddingphotographi children famili wed marriedinfranceâ¦,0
8053,40016,want knot came outstil need practis blackgirlmag,0
3330,35293,im pretti flower cheekyboy ecstat flower dog maggi foggi ilovedog animals¦,0
8662,40625,not gun control issu im tire peopl say open eye america,0
7114,39077,thank mind thank posit,0
13323,45286,keener hat line ðâof¸ love winchest shini clumsi friendshipgoalsâ¦,0
1353,33316,tri red pill fellow day blue pill instead,0
10975,42938,look sun shine complain act expect life inspir,0
11023,42986,sold camilaogorman angel today interiordesign collect,0
667,32630,pick overwatch pp battlenet id chillmast,1
9337,41300,beat best intern ideal yaaaaaaaaaaaaaa stillhumbl,0
13659,45622,happi father dayâ¤ï¸ð fathersday paint love laughter lifeisbeauti,0
3719,35682,love day today especi mr brian litalian father¦,0
7483,39446,dont month old today olga ciastkowi babi sixmonth oscypek ofcry¦,0
539,32502,week exactli ill,0
4964,36927,ð¡ ù ùø±ø ð love cut style toptag toptag telegram photooftheday like amazing¦,0
4835,36798,turn young peopl assassin know there no reward kill peopl perpetu hell,0
6042,38005,happi littl girl â¤ daughter love,0
14837,46800,cant sleep co brain busi ð hearken tire touch,1
7312,39275,green bull hill climb reach target complet task surviv strong excit,0
5320,37283,realli sponsor year thegamefair,0
13216,45179,kind world emailpassword netflix watch oitnb broke amp,0
2779,34742,terrif thursday arent week great ð weekendisnearlyher showeek,1
1581,33544,longawait aisl venezuela not refer quinin,1
12677,44640,make laugh harder funni anim fun laugh entertain funni,0
5713,37676,end depress cri depress suicid pain broken tire,0
16639,48602,zone footbal turn region footbal champ cancel year poor weather amp field condit â¦,1
4804,36767,time squar ny timessquar w new york time squar,1
10136,42099,true,0
9,31972,delici food lovelif capetown mannaepicur restaurant¦,0
5124,37087,holiday novemb ðð,0
1015,32978,time sensat sens cheltscifest,0
2193,34156,avocado breakfast ððofðofð´ feelingdiet picoftheday â¦,0
8415,40378,long belli ass aint got shit better make face page,0
13550,45513,radic woodrow wilson racism blacklivesmatt trot blacktwitt clot,1
4158,36121,read number cant lie didnt jewelrytrend healthi lazi love â¦,0
6970,38933,fox news especi divis,0
6938,38901,miss yesterday post pursuit happi thursdaythought lblogger blow,0
13772,45735,low standard,0
10344,42307,im come coldli headfullofdream emblem ð,1
7266,39229,new plymouth road locat traverwood replac green road store,0
8702,40665,ive watch favorit unit year chang week deep frustrat,0
384,32347,cant wait join garden walk,0
404,32367,new addit newaddit fblogger,0
8175,40138,flower clot mon housefond memori summer vacat sweden,0
15158,47121,good morn great day smile smile,0
12763,44726,book german coloni global age imperi ulm,1
9860,41823,zolakellerbrid paula look gorgeou realbrid stephenyearick wed gown,0
5989,37952,think absolut true,1
15106,47069,loftiest hate amp prefer swarm sticki boat peopl,1
3636,35599,ð love instagood photooftheday tut cut beauti follow follow fashion self pick,0
10916,42879,director come doesnt recommend indict radic muslin kill usgo weak note,0
4809,36772,rock boat new kiss block not ecstat post gipsi,0
13456,45419,time there wife charg make,1
15444,47407,govern enabl bastard dumb ye omarmateen orlando,1
5997,37960,hit right nail no way n hell im agre share ð¤,0
2048,34011,make super f horner know wasp peopl no confus plane wrong sir¦,0
12338,44301,not long amp amp magic carpet agrabah,0
17100,49063,save date sourcen live wed thependulum newshow policebrutalityâ¦,1
4544,36507,type person see best peopl world sicken,0
4976,36939,left good eyelash kind hous,0
10015,41978,mass effect andromeda new game new charact explor gazett,0
3419,35382,ye congress john main duti rebel long exceed shelf life,0
14430,46393,fuck nasial jew want breakfast menu,1
7239,39202,think beauti stilllif left instastilllif hardwareâ¦,0
14489,46452,look good moment feelgood drive travel,0
16633,48596,special guest announc today reach festiv letsgetthepaysta,0
10357,42320,watch greatestman funer ripmuhammedali,1
17154,49117,write write im emot sad primari emot unfortun naledismania write emot,0
4363,36326,onlin young worn sex video,1
10176,42139,thank sundri machin thank posit,0
8427,40390,road trip newton,0
8580,40543,girl sweet comput nocellphon cloth uglyandthottin ð,1
4858,36821,final work gameofthron,0
10040,42003,wonder left think,0
15254,47217,racism death penalti murat sukumaran brilliant thank eusol,1
11470,43433,tree hill ice cream,0
1252,33215,feel like shit cook manicotti cook italian girlswhocook delici lovetocook,1
6996,38959,debitcard wont work ampi wasnt notifi no ive call help utf im ampreadi new bank sap,0
12173,44136,girl world watt canada no sex fuck,1
4673,36636,mon lisa style man face happi,0
15781,47744,great poster regular variat met provis rheumatolog servic,0
13051,45014,relat love say lone likeli followfollow likes¦,0
6881,38844,ecstat posit affirm,0
6949,38912,world turn pure violenc,0
9521,41484,wish late,0
8017,39980,ok win lld ð,0
6941,38904,arrest black mother disturb commun,1
10209,42172,ms think call tramp oneso like idea axillari landslideit aint donna happenmsnbc not,1
9550,41513,midday beauti ð thank twin l,0
4637,36600,saw familiar face g he area na miss ð» fun,1
4854,36817,cast final perform even sheffieldissup madam,0
10320,42283,check june kiss wed day th anniversari honey funnyð,0
4892,36855,ð smile smile toptag toptag smile beautifulsmil smile smile pretti â¦,0
7043,39006,lunch cinema date wee man rule nina fun ðððð,0
16521,48484,listen beauti best friend sing amaz voic,0
4164,36127,goal look alik end make sens look like best ampâ¦,0
7941,39904,delhi news realli hard accept sudden,0
14388,46351,final got eat mang india year bought dozen baneshan rang yesterday,0
5569,37532,ici european confer stop pari chairman award fromtamperetopari,0
4300,36263,troubl date blackberri pass os stop instal need help,1
6269,38232,receiv new edg utter friday round weekend,0
3818,35781,make preorder arriv month month aaaahhhh,0
12015,43978,write storysanta feheard voic dreamlet come entir newsi score,0
12234,44197,let neuro,0
6254,38217,sad sad shoot orlandoshoot amp updat pray familiesfriend,0
17144,49107,st poster april nd poster what june â¤ðð,0
7350,39313,antiqu fish sheet music make dad happi hofstett childrenfish sheetmus,0
15183,47146,make day bestfriend humour,0
6238,38201,play michael jone even music song,0
6090,38053,ð music imagin dragoon arena smoke mirror tour ððð bluesband â buy great song,0
11637,43600,debat stop block white later convers non debat econom emigr scourg nation ð¬ð§,1
12647,44610,dog mon monica midday babygirlâ¦,0
9911,41874,love make plan roadtrip memori laugh xx,0
8472,40435,healthylifestyl attack bull chase leav lot despit fact your strong sour,0
3266,35229,long,0
666,32629,suck singl loyalfaith girl hesingl,1
4188,36151,wednesday knowledgebomb grm biggest littlemonst â¦,0
17055,49018,watch think gush nose bleed tear ilooklikeiwasattack s¦,1
10161,42124,ð°ð°clip look like roll new instagood follow â¦,0
11314,43277,humpday gutta bodi right summer,0
12891,44854,book buggi rental parasail time away ðð¤belli,0
3900,35863,night offici ð amp b witem,0
13716,45679,theyr final big leav holesbut soon leav snatch kill let free,0
6981,38944,super excit leav tonight dalla cantwait dalla texa visit roadtripâ¦,0
6376,38339,dinner addit ð kiss rock â¦,0
16907,48870,true love destin fall forev pit tear fallen rose metal life,0
10160,42123,amaz âï¸ home dri healthi icecream bed,0
14124,46087,dont know sad,1
16282,48245,media liter invest million destroy island imag,0
10488,42451,zaynmalik bull domin bull direct want,0
5240,37203,stop cast vancouv fill not long,1
10453,42416,thank internet connect thank posit,0
10478,42441,im easili amus hata queen sad poundnot pound opticalillus iandrewmus,1
12394,44357,fathersday gun young old day today enjoy¦,0
4432,36395,fathersday dad jam pm post german,0
13568,45531,video men women malay mirror photo,1
14178,46141,smaphon bull domin bull direct want,0
302,32265,â usjoy remain weak blow silver gold fore,0
17022,48985,ravenbalubaerperheideð,0
55,32018,throw thursday big day browus chere,0
13013,44976,father day thank dad n r super hero r love uuummmwwaaahhhh iloveyousomch ð,0
8717,40680,ex send there no way mug ð,0
8150,40113,mindsconsol day love motiv,0
2125,34088,stop angri person goe talk relat plenti bed,1
11479,43442,fathersday day celebr offer discount off¦,0
15745,47708,new week god thank hope what come ï¿of¿of¿of¿of¿of¿of¿of¿of¿of¿½ new week,0
16748,48711,gloryisour great news morn realli strong squad,0
6809,38772,talk throwback count hour im readi ððð»,0
4621,36584,ftuck love shit crazi jakwad jakwadforev ny doublecupsessionâ¦,1
15034,46997,awesom news super,0
13623,45586,no said break easi tell time singl life,0
5126,37089,enjoy copi pre order cant wait ð,1
5122,37085,that secret im angri face eye rage raginfrenchcanadian,1
5870,37833,freestyl walk walk hack santamaa colombia danc,0
8172,40135,love job â¤ï¸ humbl honour bless,0
7673,39636,no want ð­ fun funni comedi singl sing vineindonesia indovin indovin,1
6882,38845,listen subway bunker ð¼ journeybeauti love wonder nice method¦,0
1906,33869,conserv boycottnfl dont buy nl ticket support copkil blacklivesmatt turn,1
3086,35049,www yeah good long long,0
13503,45466,day,0
8152,40115,thecal help support veteran join,0
5750,37713,ð â¤ï¸â¤ï¸â¤ï¸june goodmemori goodtim friendship got flyinbangkok mark,1
12772,44735,dayton air virchow dayton daytonairshow,1
10267,42230,came aisl wealth inform implement,1
6229,38192,hey nmlook sorryitsblurri,0
16509,48472,saturday peter dalla,0
15147,47110,differ itali hospit,0
4632,36595,want group chat groupchat,0
6288,38251,lot thing gratefullov day grate â¦,0
3596,35559,wonder type discuss worst come week islamophobia photophobia peopl cling gun,0
11475,43438,interterrestri swift sciencefict kindleunlimit kindlebook prejudic â¦,1
6168,38131,minut til gazett nosleeptillesov,0
9795,41758,thing want happen sta happen ducksinarow,0
7561,39524,sigh sadli miss taxi map vinylscratch octaviamelodi ship vinylmelodi octaviascratch,0
8258,40221,childrensdayðð niec nephew cousin children,0
16616,48579,music apropo cook sweat,0
6371,38334,quotesilov polar bear climb race angri polar bear climb race polar bear live cold place,0
14369,46332,cornwal readi marri special ladi day not countingjust shillings nick,0
12910,44873,got follow favorit person littlewomenni jerzjess fangirl thankyouâ¦,0
7943,39906,work work job radiolog medic errejota love cariou tocopyrightnic perfect,0
12199,44162,offici air board sta woohoo travel backpackerliâ¦,0
15728,47691,final home ððððnew instrument newinstru canon fame acousticguitarâ¦,0
6738,38701,lighttherapi help sad depress altwaystoh healthi,0
15913,47876,tramp pot man sure sound paranoid unless white male,1
2472,34435,sad hear sing ladi beauti ð¢,0
15679,47642,thank aren x,0
1761,33724,im titanfal multiplay gameplay trailer e,0
10167,42130,life make beauti posit sicca pagan witch,0
10554,42517,happi father day special shout amaz dad x fathersday dadsarethebest ilovemydad,0
14277,46240,thing car bomb airplan k peopl die year alcohol lost this¦,0
3812,35775,watch netflix episod cannot wait,0
1605,33568,hit not,1
5622,37585,model love u u time or± ðððð ð¦ð¦ð¦,0
6767,38730,holibob im roadtrip cousin¦,0
11613,43576,pick strawberri whilst treat flybi b,1
10589,42552,pretti stoke weekend acut weekend dogsofinstagram cupcak dog¦,0
13918,45881,cant express watch thing like children animalcruelti,0
13046,45009,hear dead folk reli zerotoler amp juvenil teach student lesson step deafinprâ¦,1
2590,34553,ignor littl ð·,0
4324,36287,man nervou breakdown therapi unhing,0
10787,42750,okay sad happi long time express emot not crime quot,0
9111,41074,happi hour round burgess everett swung min rep democrat senat,0
5342,37305,way home wonder weekend miss wellrest,0
16389,48352,realli bad element bern night arc prais speech roar crowd bern supper,0
8659,40622,your righti liei tell im fine¦ quot new,0
14043,46006,si se ððâ¤ sisepued copi,0
8837,40800,im sicken right like dont want live countri anymor ð,1
117,32080,pursuit fuck hardwar,0
13917,45880,happi client follow thehairch brain style summer hair â¦,0
14309,46272,feel children stori recogn express manag anger male,1
13234,45197,happi work cconfer right midst lead cultureofdevelop organ work midst,0
5560,37523,pain â£ monthli season ticket infuri use cash toilet paper repres better valu,0
846,32809,assum muslin refuge kick women stair,1
10954,42917,best udtapunjab udtapunjabverdict realli movi chittav big hit,0
13703,45666,healingam posit affirm,0
15385,47348,dont stress cant control let focu happi loveyourself,0
13746,45709,week goð¡ð,0
6469,38432,build comment pro reflect ignor,1
9333,41296,le cap blew let loyal fan play w amp team win na final,0
16608,48571,poppi sadpoppyitsarmadasmilecutnoondaygoodnitesleepwel,0
12819,44782,here happi sweet muchlov,0
4208,36171,continu sad march suchaloss ð¢ð¥,1
6283,38246,time ive fan ill miss nashvil perform bc im sick lifesuck thatgirl,1
6233,38196,old horror emilsvfx horror grain dark photo happi moment blur syring bampw â¦,0
12941,44904,safe posit affirm,0
12607,44570,cant imagin kind human not compass did¦,0
9765,41728,â nodu regain ahead key risk event blow silver gold fore,0
1828,33791,great weekend friend pay fun great like follow enjoy amaz life live peopl best,0
1917,33880,happi valentin day love air ððððâ¤ðððð valentin day love the¦,0
6988,38951,stop wait fridayfeel,0
14594,46557,realli like ðð» happi life live path,0
12977,44940,outsid door happi light love sweetdream blueey love amber,0
16644,48607,went drink ami got mad messag mate month noon realli u say rude hope u ð,0
9865,41828,valley ð ðð¸ð´ withmylov teatim view valley llandudno subway walk¦,1
2219,34182,energet posit affirm,0
7041,39004,peopl spit face god,1
5287,37250,librari librari saw liber polit,1
1619,33582,th crankakai exclus rank ðððð yokaiwatch awesom etern,0
8512,40475,fridayfeel beauti tomorrow¤ï¸ð funðððxxx,0
1342,33305,model love u u time or± ðððð ð¦ð¦ð¦,0
10568,42531,dog smear drama tramp dogsoftwitt,1
14231,46194,nice thing happen rare day peopl thing person,0
3490,35453,love talktou,0
9310,41273,come easi tomorrow fun,0
7984,39947,hit limeston life week bless thank gottalovelif,0
12219,44182,june juli amp august book book writer edit septemb amp bless work great authors¦,0
235,32198,spare ship havana doctor,0
1908,33871,good morn gun love instagood photooftheday fashion cut summer fun smile,0
8567,40530,thank abl read thank posit,0
3530,35493,life go great ðð¼ love new job love pay love famili love life news,0
5256,37219,drum cant room anymor,0
8162,40125,date night datenight feelingpretti buffalo wild wing,0
5415,37378,appropri god bring fareham say goodbi ye marriag began that,1
3391,35354,im moon appear dashboard truelysad,1
11157,43120,bought ticket w soon came sale today im poor whit,0
5951,37914,ignor person like realli ð¢ happen day ago talk,0
8007,39970,not sea wise weak token fox bare stand listen,1
9064,41027,face got free meal shift ððððð food free,0
15524,47487,episod went fast,0
77,32040,cool old door window vendor shoploc shopalyssa fathersday,0
7577,39540,hey enjoy rest even freespirit happier happi peac smile¦,0
16984,48947,amaz bit recognit hard work spring step ð,0
14060,46023,thank sens smell thank posit,0
10535,42498,feel bad today,0
9510,41473,long weekend juneldw share live¦,0
6943,38906,got outfit midday closet save,0
11954,43917,took moment,0
7804,39767,real nigger treat like shit day especi dont got money tramp supper that trend,0
6565,38528,game get closer,0
5984,37947,danger inherit tumbl driver ð¥ðnow taken offer brand new driver contribut cost,0
4670,36633,habit suprem peopl,0
9184,41147,time brioni bracknel la began pieceofm planethollywood,0
2192,34155,summer time love âï¸ girl self sunni summer hot,0
1248,33211,go meet littl isnt quit littl anymor new teacher secondari school readi term nervou excit,0
11246,43209,busi weekend,0
12790,44753,fix ac teach ad fromdaddi vacuum unit work,1
3687,35650,thank friday thank posit,0
4018,35981,june year come go wonder day raining¦,0
11302,43265,final order dress ðð,0
1970,33933,stone rose stori love song â¤ï¸ðð not long stoneros,0
8389,40352,cent u twitter hottop buy striker vari buy center half win ll¦,0
15374,47337,true metal rock ãofã·ã nowpiay akin pop japan,0
5788,37751,beardfath sweetheart daughter yoshiwaramatsuri fun sunday æé« maruichiâ¦,0
5408,37371,all relationshipgo instead want lay,0
9446,41409,poem updat wattpad check link big tense¦,0
922,32885,model love u u time or± ðððð ð¦ð¦ð¦,0
419,32382,nice readi come oakland marijuana busi boom california,0
10789,42752,love moschino loveinstagoodmeff cut follow tagsforlikesâ¦,0
1120,33083,dont tri wake dog ð hope gun wake natur weekend,0
11260,43223,im intrigu devic,0
2336,34299,fulli embrac unit state america la ruza racism against hispan not mexico,1
5373,37336,hey hmmmmm ð morn ð·,0
2243,34206,what like complet ignor realiti pretend word no mean,0
4612,36575,old old,0
13946,45909,eve amp completedeath thank amp,1
11104,43067,cap im,0
13429,45392,print familychildren kiss raisingkid childhood babi monmoth life lesson knowledg dream,0
6359,38322,â ourgap clinch high blow silver gold fore,0
7863,39826,sinus duti viru surviv,0
3228,35191,new toy arriv ðð anna tri toy pattingdevic pm details¦,1
14382,46345,daili beauti tip health tip rude poetri poetri love poetri new ghazal joke k like follow send,0
2891,34854,cut ð¿ððððð«ð«ð­ð­ð­ em depress anxieti emot,0
3756,35719,mmm lunch ð began diet food flower motiv health healthi love lush¦,0
15770,47733,im go offic littl head batter bit follow give grief htm¦,0
16478,48441,thought ice cream cone look familiar ð realli awak cantsleep femori,0
2674,34637,model love u u time or± ðððð ð¦ð¦ð¦,0
6898,38861,insist face brutal shouldnt theyfac death penalti like farmer acquaint,0
10147,42110,posit affirm,0
793,32756,dont news rep tonight instead day tramp racism campaign magna obviou,1
2116,34079,met januari wait follow thankyou,0
5779,37742,today tough feel anna curl watch netflix day humpday,0
12298,44261,minut till june new season oitnb,0
14153,46116,half hour st john bound whysleep,0
11397,43360,western academ taught wrong thing,0
12999,44962,come new waltz today âof¸ð halfmarathontomorrow atmospher,0
814,32777,awesom dynamicduo miss chri ð positivevib great time love bridge¦,0
16729,48692,took pictur â° andro didnt trophi â husband took pictur got,0
10541,42504,fo soon exam way ð,0
2443,34406,work book âï¸ kill pushyourself time breakfast staff ðofðð¨âðcopyrightâð§,1
10380,42343,girl world movi rude women play,1
7783,39746,turkey build compani construct busi success ye no sweetcolormor work feelfun,0
11473,43436,boom ive book fring ticket australian theatr perform ð,0
827,32790,tyler perri claim ârevers racism critic tic seri tyler perri claim revers critics¦â¦,1
7147,39110,couldn honor moment event st woman presidenti nomine major pay failur imwithh,0
4451,36414,www yeah good long long,0
15343,47306,skip perman monarch palat realli want amp got innerstellar instead bc le monarch gone,1
13635,45598,tittytuesday thank midday wish ðâ¤ð midday suit yesterday,0
5959,37922,great ammonia hot water iron towel meet carpet stain spotsgon,0
126,32089,rip victim prayfororlando terrorist victim left support altogeth pride stand,0
8795,40758,fault im,0
11641,43604,ðððð damn,0
7196,39159,u need stop,1
11559,43522,kind scar happi content bless,0
3368,35331,ye â¥ thank po,0
3797,35760,havent onlin minut im happi father day even,0
15114,47077,friend night hollywood drink free friend saturday memori la,0
13718,45681,make piec love not â¤ï¸ð¬ handmad nofarszigeti,0
1792,33755,great thank excit tomorrow god new home,0
11053,43016,healthi posit affirm,0
3476,35439,indirect shake bootyd music,0
3417,35380,tomorrow funof¸,0
1645,33608,dont hate black genocid hate miscegen seek genocid like oar matter,1
14755,46718,ðð»,0
3072,35035,kiss new compil fun laugh entertain funni,0
1854,33817,offici say im definit innerpeac weird lifeâ¦,0
4662,36625,enjoy view ð´âï¸ðð·strip shoescap enjoy enjoywoobar girl bar we¦,1
6514,38477,moor muddles¤ï¸â¤ï¸â¤ï¸â¤ï¸â¤ï¸ whataday bigger love pjspay bless misha,0
2708,34671,happi wednesdaywisdom pride quoteoftheday,0
11694,43657,plum grown contin antarctica didyouknow tip healthylifestyl fruitfact fit fit,0
9524,41487,high engag video coutur youtub youtubechannel createonpav pavetheway,0
6456,38419,bureau discuss photo select âdo angri dick explanatori dickâ,1
4212,36175,left parad poland today seen feder holland secur vehicl signofthetim,0
13224,45187,mummi posit affirm,0
7970,39933,select retain planet organ lemonad save l size cashbackoff,0
16920,48883,,0
1625,33588,dearest almighti g pli erad savag entir worldveri soon collegeofspiritu,1
10314,42277,wish midday watt,0
7973,39936,allahsoil hither invad soviet union desper oil â¦ teambtsâ¦,1
8577,40540,hoist air corpor amp busi come campaign momentofexcel,1
8070,40033,brave baahubali silver screen film,0
3600,35563,beauti sunday sundaymorn love shop onlineshop onlin beauti unitedkingdom,0
6783,38746,exactlylay clay pu racewait career politician st loui he laugh ass corp in¦,1
13226,45189,your black woman date racism white man isnt job teach not racism wont work¦,1
4971,36934,what donna happen ð applekeynot,0
13490,45453,ray wish outsid rain noon good thunder lightn,0
12951,44914,game today kick water bottl anger sorri say damag ligament toe neuro and¦,1
12312,44275,speech giant lie wont held account life,1
1990,33953,sit wait board plane âï¸ greec come love week away babi ððð«ð¬ð·â¤ï¸ each¦,0
5299,37262,folk make mind abrahamlinclon,0
12997,44960,day school ððð,0
13472,45435,hate funer notfair nothappi,1
4380,36343,peopl lazi grm follow healthi life style look easi way weight loss,0
4757,36720,ask bull domin bull direct want,0
10395,42358,echocid waterislif poetri poem solidar nodapl climatejustic climatechag pa classwar,0
16241,48204,doesnt mean everyth perfect mean youv decid look imperfect,0
5588,37551,work ass shop addit,0
4944,36907,go stream today aim sta est,0
13395,45358,tyballoonsus sky ðð http¦,0
17072,49035,accord food wine bread level bread number food trend restaur ðâ¤ðð lovemyjob bread,0
4243,36206,nasi swastika bay tramp donaldwhitepow,1
9916,41879,sta laugh cri make sad laugh distress anxiou chang midst depress,0
9984,41947,saw leprechaun ball,0
1759,33722,watch promo wag serious televis produc continu way lower bar indict,1
9181,41144,sunday dinner instant nobl smoke duck breast sweet carrot tube red spinal amp fad egg cilantro amp garlic ð,0
2482,34445,time vienna exactli month idea welcom muster im not practic room ð¤ðððð»ðof ð¦ð cell,0
951,32914,hindusena celebr messiha midday delhi messiha talk kick indian america s¦,0
2079,34042,game day pioneersawayday,0
2717,34680,knew im quietstorm dontsleep,0
7311,39274,thank final allow access cabl subscript thank got allthemovi,0
768,32731,vari relategrinata shaveicefoodryazansunglassessummercooltheoriesicecream,0
5490,37453,date night friday pub ilovehim instagay beer billi burn,0
15534,47497,holi christ go ð follow commun instadaili instagood cut,1
6645,38608,felix ðððð feel â¡ï¸â¡ï¸â¡ï¸â¡ï¸â¡ï¸,0
5232,37195,father day self itit,0
11485,43448,havent felt good age energi lost post op weight size love herbalif oneteam focus,0
5797,37760,moment think your play alpha sapphir your play x amp use codedark poleon poleon,0
12342,44305,typic no edmonton weirdyou racism cdnpoli canada,1
8038,40001,move onward upward freshsta make today new work smile¦,0
16002,47965,photo accept amp sale photographi,0
13087,45050,kill father dayðð,0
4873,36836,k suicid number overdos irrelev thathelpsnoon end dentalcrisi,0
1481,33444,no idea use pp assum speak spanish,1
10093,42056,success get want happi want inlaid began love women,0
14422,46385,bed hot sex nake bird sex xxx,0
16438,48401,sole struggl isnt real consol option perplex,1
7643,39606,morrison beer bar open air museum sussex ale,0
11271,43234,donna sleepless night today onward euroonsonysix,0
12600,44563,help make chang life sparkl,0
10998,42961,girl leader horizon egg burri,1
14295,46258,want happi sober societi recoveri stress worri,0
10682,42645,moment sweet,0
16380,48343,exercis smile today weekend smile exercis fit,0
8519,40482,new post blow ð¸ link big summer holiday sunni day not girl¦,0
3300,35263,crazi support love,0
6722,38685,write ear fool gold ear rebeccamoondesign gold creativ grow heal chair,0
7218,39181,model love u u time or± ðððð ð¦ð¦ð¦,0
3054,35017,school ððð¤momenta goodmorn weekend school schoolboy rakkaathaukutâ¦,0
13575,45538,mysistbihthðð midday instapict smile instadaili likewis,0
9503,41466,ny bloom ny summerisher turkey fashion district manhattan ny,1
15149,47112,friday shoot death relat nearbi death month ago,0
12175,44138,collector corner angri bird,0
8356,40319,amaz coverag get goos victim name orlandonightclubshoot,0
15070,47033,gameofthronesð marathon season till look forward,0
822,32785,thank thank posit,0
14289,46252,tramp comment toshownot bit surpris philadelphia chilli all¦,1
6150,38113,â low rate temporari â germany schaeubl blow silver gold fore,0
4425,36388,feel confus irrit,0
16032,47995,love song fight like girl id nashvil week far drive,0
2198,34161,sick tire stupid conspiracytheori video orlando shoot no word that¦,0
3452,35415,super wait midday girl new cover soon â¤ð bihdayameeshapatel,0
9106,41069,life big rollercoast ampthat make life interestingso hold tightamp enjoy ride staystrong,0
13859,45822,love big rustic repurpos cabinet master vendor upsideofflorida,0
8705,40668,song result ð,0
10112,42075,dazzl posit affirm,0
4841,36804,experi materialist object free spirit smile,0
15358,47321,grace posit affirm,0
4566,36529,allahsoil jagged principl state no physic averag â¦ â¦,1
11382,43345,know ive got europ occupi cannot wait bal sta watch defend titl,0
14596,46559,sooooo im look calendar amp notic leav week ð¢ð¢ð¢ð¢ð¢,0
804,32767,night fuck boy hit hussi,0
13221,45184,live girlfriend webcammodel latin colombia femal matur ohmibod webcam,0
1279,33242,evil bewar face bostonterri superhero dog,0
13192,45155,advic practic,0
7083,39046,ran squirrel ð utf,0
12880,44843,media know sexualyassault victim had¦,1
15517,47480,nice posit affirm,0
2106,34069,love world select far hope thigh amp aftehestorm screen even hard fit wwith work,0
16086,48049,download gorilla simul need adapt environ need tear citi mater,0
4831,36794,happier lifesta new job tomorrowi best half amp cant wait littl futur,0
3186,35149,stop act small univers motion joytrain,1
2573,34536,knit,0
12808,44771,im,0
2599,34562,sunshin friend scare kremlinour week kiss toller ukblogg,0
4033,35996,come theyr activ twitter not treat hashtag promot faith wedontknowtheirhea,1
8428,40391,ice cream staff icecream lake,0
1304,33267,host granul,1
8633,40596,â market focu statement econom project â dens blow silver gold fore,0
11372,43335,teacher life parent got gift favor she sweetest began gift book,0
8996,40959,thank pay saturday studio midday ð°ð°ðð,0
16458,48421,st lid dont mean not watch differ hilariouâ¦,1
5475,37438,ð branch foodporn yuma star foodstagram stuff instagood love smile¦,0
7184,39147,make inspir love happi leadership,0
12875,44838,donald tramp congratul predict allig revolt against human drama not say radic reptil,1
1622,33585,roast challeng k view special roastyourself,0
15988,47951,sad realiz tomorrow monday hadthebestweekend weekend sunday tire needanotherday,0
8041,40004,raindelay yankeestadium rain stand spotbar,0
16725,48688,ignor moment unbear peac worldpeac human unit lovewin,0
7992,39955,yeah smile make better smile smileandbehappi,0
15646,47609,kickstaer debut album set launch day seek support â¦,0
17029,48992,epic fail nextdaydeliveri amp day failhi respons complaint dothemath,0
4263,36226,fathersdayspadayð soto manhattan,0
15156,47119,super pass sohotrightnow spice,0
8646,40609,feel fantasi friend beach left holiday water legsforday feet fresh â¦,0
11664,43627,stop funni decid dont listen viewpoint differ whoopigoldberg,1
2969,34932,amazon right got copi classroom chef deliv record time freshidea,0
3028,34991,stay toni selfemploy,0
3629,35592,sunday berlin â check instagram account berlin pick link big,0
3067,35030,new look pattern order sew cours love kate dressmaâ¦,0
5941,37904,final way delet old sweet use deletetweet,0
11555,43518,friend ride boat today summer natur swim friend,0
13081,45044,femal student sit grass beauti comput girl,0
6819,38782,ð¿ u f h e w ð¿ smile latin bolivia wood rais,0
11046,43009,nobodi babi smile weird curlyhair leatherjacket self phonecaseâ¦,0
2711,34674,patch use disrespect dont know deal man actual respect,1
4853,36816,week ððof holiday tenerif,0
7715,39678,come icon perform sunshinefestiv,0
8942,40905,bang trend mobil charg coffe luxuri charg custom,0
15507,47470,cant right ð¢ pass,1
15826,47789,love bow tonight play spark team fan need win,0
1762,33725,thank school thank posit,0
15850,47813,happi headstrong poorpeoplegovenor favorit poorpeoplefedup cross msivylastson believ,0
12112,44075,midday ð,0
12652,44615,trumpusa homophob misogynist realli say jealou â¦,1
6122,38085,thank holiday sale thank posit,0
481,32444,green jamesmcavoy aton mcavoy slim,0
14536,46499,count not intent,1
153,32116,realli good cook credit wash potato mac n chees,1
7617,39580,souser minut women match hard work revolut women wrest,1
1524,33487,bought brand new chees jersey friend order wrong size didnt want send ð,0
2120,34083,like prayerð½ sunday riseandprosp london unit kingdom,0
15048,47011,fellow ham radio oper cantwait hamradio,0
2343,34306,ive sign olymp distanc time sta train,0
5136,37099,yeahthanky x,0
1240,33203,link instagram self self ì ì´ ð¼ cut ð± happi pet anim dog dog maggi â¦,0
60,32023,time ððofðofðofof¸âof¸ neuro onemonth tear onewinn footbal intern junejuli,0
9130,41093,day th poolpay allig torsion red wing minnesota,0
13350,45313,lighttherapi help depress altwaystoh healthi happi,0
12418,44381,invitedj ðanoth great local sweet share jivemap,0
8363,40326,peopl arent protest tramp republican wonthey tramp usher ampâ¦,1
9650,41613,bobmarley music make walk air no dont smoke ð,0
16314,48277,no rockyno theoh no thein thera,1
4090,36053,easi blame religion,0
6960,38923,todaysmybihday midday,0
3004,34967,melt clean sarcasm muslin centr marlborough combat newzealand,1
16713,48676,happi friday friday friday fridaythought instadaili instagood posit,0
3640,35603,thank cloud thank posit,0
1341,33304,big day,0
11855,43818,refrain roam citi cebuph kyleecharri refrain handsome¦,0
338,32301,bubbl old self champagn celebr thank peter remind midday,0
12254,44217,e risk equalis direct presum,0
11344,43307,checkout today tread day success win loui c loui,0
1750,33713,bird kid bike inch wheel bicycl boy girl pli,0
2421,34384,big day ex pm â¤ ððð ððð stay bless ððððð ððððð ðððððð,0
7119,39082,later day wish happi midday celebr today june midday,0
5319,37282,siguem en twitter en inst en snapchat ta amaz season nighttim holiday,0
15896,47859,ask amp listen announc blame make beef pot pie humanum comfofood sum http¦,0
11918,43881,hunger level went,1
13849,45812,smell fox ð¶ðof dogsoftwitt bedtimewalk,0
4806,36769,snapchat pa ðð ðð instagram instap fetch bestbuddi officematesâ¦,0
8592,40555,love coin kaepernick deserv award thank stand against hatr,1
12182,44145,love goldensand mablethorp team friend,0
16774,48737,saturday peopl hope your not hunger listen newton band us¦,1
12045,44008,tomorrow,0
4430,36393,good worldpeac spiritu,0
8820,40783,drink coffe june th å´ starbucksâ¦,0
4232,36195,fathersday reliabl servic,0
